,Year,Cumulative capacity (MW),Cumulative waste (MW)
0,2020,0.0,0.0
1,2021,114374.99505969814,94856.20581802403
