,Year,Cumulative capacity (MW),Cumulative waste (MW)
0,2020,0.0,0.0
1,2021,114370.87505969821,94852.20581802382
