,Year,Cumulative capacity (MW),Cumulative waste (MW)
0,2020,0.0,0.0
1,2021,114370.8750596982,15508.527537964887
