,Year,Cumulative capacity (MW),Cumulative waste (MW)
0,2020,0.0,0.0
1,2021,114370.87505969817,94852.20581802404
2,2022,118631.49551367802,81345.93140171781
3,2023,123111.19327055385,69446.13115002353
4,2024,127824.93795395737,58885.48900156853
5,2025,132789.00332668328,49454.68834662122
6,2026,138021.10863151803,40992.542958548715
7,2027,143540.57911126432,33389.08103185722
8,2028,149368.52908160826,26589.494902779967
9,2029,155528.07172755522,20588.41837146374
