,Year,Cumulative capacity (MW),Cumulative waste (MW)
0,2020,0.0,0.0
1,2021,110315.54150408554,94852.20581802409
2,2022,110315.54150408569,81345.93140171772
